Title,Rate,Image,Link
【VR】【まとめ買い特典あり】ボイン好きにあう高精細VRーオナニーをしっかりサポートします！- 佐知子 完全版,4.87,https://pics.dmm.co.jp/digital/video/h_1538dovr00111/h_1538dovr00111pt.jpg,https://www.dmm.co.jp/digital/videoa/-/detail/=/cid=h_1538dovr00111/
父が出かけて2秒でセックスする母と息子 佐知子,4.67,https://pics.dmm.co.jp/digital/video/venu00966/venu00966pt.jpg,https://www.dmm.co.jp/digital/videoa/-/detail/=/cid=venu00966/
佐知子 中出し孕ませ新婚生活,4.5,https://pics.dmm.co.jp/digital/video/84mkmp00363/84mkmp00363pt.jpg,https://www.dmm.co.jp/digital/videoa/-/detail/=/cid=84mkmp00363/
近ごろ豊満な熟女体型を気にしはじめた嫁の母が恥じらう姿に僕は勃起してしまった 佐知子,4.67,https://pics.dmm.co.jp/digital/video/venu00957/venu00957pt.jpg,https://www.dmm.co.jp/digital/videoa/-/detail/=/cid=venu00957/
地味巨乳変態メガネ女 佐知子,4,https://pics.dmm.co.jp/digital/video/13gvh00243/13gvh00243pt.jpg,https://www.dmm.co.jp/digital/videoa/-/detail/=/cid=13gvh00243/
乳汚し 佐知子,4.75,https://pics.dmm.co.jp/digital/video/13gvh00012/13gvh00012pt.jpg,https://www.dmm.co.jp/digital/videoa/-/detail/=/cid=13gvh00012/
許嫁シ●タ 佐知子,3.8,https://pics.dmm.co.jp/digital/video/13gvh00038/13gvh00038pt.jpg,https://www.dmm.co.jp/digital/videoa/-/detail/=/cid=13gvh00038/
ボイン大好きしょう太くんのHなイタズラ 佐知子,4.29,https://pics.dmm.co.jp/digital/video/13gvg00927/13gvg00927pt.jpg,https://www.dmm.co.jp/digital/videoa/-/detail/=/cid=13gvg00927/
爆乳女教師とのヤリ目で参加する二泊三日の中出し修学旅行 佐知子,3,https://pics.dmm.co.jp/digital/video/vema00138/vema00138pt.jpg,https://www.dmm.co.jp/digital/videoa/-/detail/=/cid=vema00138/
【VR】全国で爆発的人気を誇る実店舗風俗店との夢のコラボ！ごほうびSPA VR さちこさん 佐知子,4.79,https://pics.dmm.co.jp/digital/video/84vrkm00156/84vrkm00156pt.jpg,https://www.dmm.co.jp/digital/videoa/-/detail/=/cid=84vrkm00156/
叔父を誘惑する新婚の姪っ子 佐知子,5,https://pics.dmm.co.jp/digital/video/ksbj00131/ksbj00131pt.jpg,https://www.dmm.co.jp/digital/videoa/-/detail/=/cid=ksbj00131/
弟の娘3＆4 純粋無垢なむっちり美少女がキモい叔父さんチ○ポに堕ちるまでの全記録。 佐知子,4.33,https://pics.dmm.co.jp/digital/video/mudr00159/mudr00159pt.jpg,https://www.dmm.co.jp/digital/videoa/-/detail/=/cid=mudr00159/
巨乳デリヘル 佐知子,5,https://pics.dmm.co.jp/digital/video/onsg00024/onsg00024pt.jpg,https://www.dmm.co.jp/digital/videoa/-/detail/=/cid=onsg00024/
黒人ホームステイNTR 泥●して咥えていたグラスより太長い肉棒編 佐知子,4.21,https://pics.dmm.co.jp/digital/video/dasd00630/dasd00630pt.jpg,https://www.dmm.co.jp/digital/videoa/-/detail/=/cid=dasd00630/
オトナの保育園 佐知子,5,https://pics.dmm.co.jp/digital/video/ktb00044/ktb00044pt.jpg,https://www.dmm.co.jp/digital/videoa/-/detail/=/cid=ktb00044/
隣の変態大家におっぱいを揉まれ毎日犯●れてます 佐知子,4.86,https://pics.dmm.co.jp/digital/video/urkk00024/urkk00024pt.jpg,https://www.dmm.co.jp/digital/videoa/-/detail/=/cid=urkk00024/
【VR】昔からおっぱいデカ過ぎオレの嫁ちゃん 毎日が孕ませ生性交 夢の中出し新婚生活 佐知子,4.76,https://pics.dmm.co.jp/digital/video/h_1285cbikmv00145/h_1285cbikmv00145pt.jpg,https://www.dmm.co.jp/digital/videoa/-/detail/=/cid=h_1285cbikmv00145/
彼女が家族旅行で一週間留守にしたので彼女の巨乳女友達に中出ししまくりました。 佐知子,4.12,https://pics.dmm.co.jp/digital/video/pppd00833/pppd00833pt.jpg,https://www.dmm.co.jp/digital/videoa/-/detail/=/cid=pppd00833/
弟の娘1＆2 佐知子,4.67,https://pics.dmm.co.jp/digital/video/mudr00110/mudr00110pt.jpg,https://www.dmm.co.jp/digital/videoa/-/detail/=/cid=mudr00110/
「好きです」工場勤務の地味めな女の子に告白されてOKしたら実はド淫乱で8発連続でヤられた話 とくにメガネを外してからがヤバかった編 佐知子,4.2,https://pics.dmm.co.jp/digital/video/dvaj00439/dvaj00439pt.jpg,https://www.dmm.co.jp/digital/videoa/-/detail/=/cid=dvaj00439/
ULTRA SWEET 赤貝 美人令嬢強●絶頂無限地獄 ～絶叫のクレイジープッシー強●淫覚汚れなき割れ目～ 佐知子,4,https://pics.dmm.co.jp/digital/video/gmem00047/gmem00047pt.jpg,https://www.dmm.co.jp/digital/videoa/-/detail/=/cid=gmem00047/
【VR】佐知子BEST～COMPLETE SPECIAL～,4.75,https://pics.dmm.co.jp/digital/video/vrkm00396/vrkm00396pt.jpg,https://www.dmm.co.jp/digital/videoa/-/detail/=/cid=vrkm00396/
隣の地味な女子大生は隠れ爆乳の眼鏡腐女子 佐知子,4.86,https://pics.dmm.co.jp/digital/video/homa00085/homa00085pt.jpg,https://www.dmm.co.jp/digital/videoa/-/detail/=/cid=homa00085/
夜●い妻 献身的に夫の看病をする清楚な人妻が隣に入院してきた男と交わるまで… 佐知子,3.89,https://pics.dmm.co.jp/digital/video/jufe00159/jufe00159pt.jpg,https://www.dmm.co.jp/digital/videoa/-/detail/=/cid=jufe00159/
淫獣猟奇倶楽部 ～妖艶美少女イキ地獄～ 哀愁拷辱ver. Part6:柔肌を蹂躙する狂気の縄に永遠なる絶頂を繰り返す令嬢乙女 佐知子,4.42,https://pics.dmm.co.jp/digital/video/dber00084/dber00084pt.jpg,https://www.dmm.co.jp/digital/videoa/-/detail/=/cid=dber00084/
20歳に狂う。 半同棲生活 若い娘と中年おやじとの濃厚セックス 佐知子,5,https://pics.dmm.co.jp/digital/video/nsps00963/nsps00963pt.jpg,https://www.dmm.co.jp/digital/videoa/-/detail/=/cid=nsps00963/
社員旅行でヤルことなくて地味な女子社員に媚薬混入 まさかの隠れ巨乳スケベ女でキメセク中出し乱交へ発展！！ 佐知子,4.86,https://pics.dmm.co.jp/digital/video/wanz00947/wanz00947pt.jpg,https://www.dmm.co.jp/digital/videoa/-/detail/=/cid=wanz00947/
可愛い顔してデカ尻！！ 佐知子,4.83,https://pics.dmm.co.jp/digital/video/mmkz00086/mmkz00086pt.jpg,https://www.dmm.co.jp/digital/videoa/-/detail/=/cid=mmkz00086/
濡れ透けJ○雨宿りレ×プ その後 佐知子,3.56,https://pics.dmm.co.jp/digital/video/mimk00081/mimk00081pt.jpg,https://www.dmm.co.jp/digital/videoa/-/detail/=/cid=mimk00081/
最低10発はヌクッ！！爆乳プレイでザーメンを搾り取る何発でも中出しOKの巨乳回春サロン 佐知子,4.8,https://pics.dmm.co.jp/digital/video/urkk00028/urkk00028pt.jpg,https://www.dmm.co.jp/digital/videoa/-/detail/=/cid=urkk00028/
卒アルデリヘル 卒業アルバムからクラスメイトを指名できる不思議なデリヘル 学生時代憧れていたあの美少女をデリヘル嬢として呼べちゃう夢のような卒業アルバムが存在した！ 佐知子,4.42,https://pics.dmm.co.jp/digital/video/mudr00095/mudr00095pt.jpg,https://www.dmm.co.jp/digital/videoa/-/detail/=/cid=mudr00095/
【VR】えちえち！！私のやわらかい おっぱいをしっかり見て！いっぱいヌイて！ 超高級マッサージ店勤務 佐知子の爆乳Iカップ中出しフルコーススペシャル 佐知子,4.83,https://pics.dmm.co.jp/digital/video/h_1456pxvr00016/h_1456pxvr00016pt.jpg,https://www.dmm.co.jp/digital/videoa/-/detail/=/cid=h_1456pxvr00016/
2ケ月前から僕は隣に引っ越してきた人妻の育児練習台となっている―。 佐知子,3.67,https://pics.dmm.co.jp/digital/video/jul00131/jul00131pt.jpg,https://www.dmm.co.jp/digital/videoa/-/detail/=/cid=jul00131/
佐知子ベスト,4.33,https://pics.dmm.co.jp/digital/video/5642hodv21560/5642hodv21560pt.jpg,https://www.dmm.co.jp/digital/videoa/-/detail/=/cid=5642hodv21560/
まだヤリたい…でも時間がない…超絶ヤバい状況が裏垢妻の欲情を掻き立てる時限NTR輪●パーティー 佐知子,3.93,https://pics.dmm.co.jp/digital/video/2dfe00042/2dfe00042pt.jpg,https://www.dmm.co.jp/digital/videoa/-/detail/=/cid=2dfe00042/
発育の良過ぎる姉が裸族で無防備に誘惑してくるのでヤリまくった記録。 佐知子,4.25,https://pics.dmm.co.jp/digital/video/bf00591/bf00591pt.jpg,https://www.dmm.co.jp/digital/videoa/-/detail/=/cid=bf00591/
【VR】ぐちょ濡れ生乳精子まみれ Jカップ105cm新人デリヘル嬢 気持ち良すぎて離れられない 全力ご奉仕パイズリ性交 佐知子,4.67,https://pics.dmm.co.jp/digital/video/h_1285cbikmv00134/h_1285cbikmv00134pt.jpg,https://www.dmm.co.jp/digital/videoa/-/detail/=/cid=h_1285cbikmv00134/
2020年上半期大集結！！ 超豪華21メーカー新作346タイトル特大16時間BOX,3,https://pics.dmm.co.jp/digital/video/rbb00198/rbb00198pt.jpg,https://www.dmm.co.jp/digital/videoa/-/detail/=/cid=rbb00198/
最近付き合い始めた彼女が元ヤリマンサセ子で 同僚とハメまくっていた事実を知らなかった僕（仮） 佐知子,4.29,https://pics.dmm.co.jp/digital/video/homa00092/homa00092pt.jpg,https://www.dmm.co.jp/digital/videoa/-/detail/=/cid=homa00092/
おれに初めてセフレができたので彼女とはできないド変態プレイをやってみた 佐知子,4.07,https://pics.dmm.co.jp/digital/video/miaa00215/miaa00215pt.jpg,https://www.dmm.co.jp/digital/videoa/-/detail/=/cid=miaa00215/
制服緊縛 伯父に調教されています…性奴●にされた私… 佐知子,4.25,https://pics.dmm.co.jp/digital/video/usba00015/usba00015pt.jpg,https://www.dmm.co.jp/digital/videoa/-/detail/=/cid=usba00015/
巨乳MC上司を催●洗脳で忠誠な淫乱雌犬にさせて、社内でハメ放題！ 佐知子,4.5,https://pics.dmm.co.jp/digital/video/1hypn00030/1hypn00030pt.jpg,https://www.dmm.co.jp/digital/videoa/-/detail/=/cid=1hypn00030/
Jカップばくにゅ～風俗童顔メガネ娘が本日初入店 新人嬢・佐知子（19）,4.8,https://pics.dmm.co.jp/digital/video/1kmhr00071/1kmhr00071pt.jpg,https://www.dmm.co.jp/digital/videoa/-/detail/=/cid=1kmhr00071/
父親（医院長）の居ない間に彼氏がいる横で気持ち悪い雇われ医師に何度もイカされ中出しされました 佐知子,4.6,https://pics.dmm.co.jp/digital/video/urkk00032/urkk00032pt.jpg,https://www.dmm.co.jp/digital/videoa/-/detail/=/cid=urkk00032/
憧れのカノジョ 佐知子,-,https://pics.dmm.co.jp/digital/video/cadv00825/cadv00825pt.jpg,https://www.dmm.co.jp/digital/videoa/-/detail/=/cid=cadv00825/
家出娘を自宅に連れ込み朝から晩まで種付け調教 俺専用！爆乳生ハメ奴● 佐知子,4.5,https://pics.dmm.co.jp/digital/video/jufe00102/jufe00102pt.jpg,https://www.dmm.co.jp/digital/videoa/-/detail/=/cid=jufe00102/
ムカつく上司の愛娘（巨乳）を洗脳中出し性玩具 佐知子,3.11,https://pics.dmm.co.jp/digital/video/miaa00334/miaa00334pt.jpg,https://www.dmm.co.jp/digital/videoa/-/detail/=/cid=miaa00334/
巨乳女子大生媚薬拘束潮吹きイカセ 佐知子,4.17,https://pics.dmm.co.jp/digital/video/172xrw00884/172xrw00884pt.jpg,https://www.dmm.co.jp/digital/videoa/-/detail/=/cid=172xrw00884/
【VR】顔面パイズリとデカ尻顔騎で窒息責められセックス【生ハメ】合掌乳首吸いとJcupデカパイズリと圧し付けられクンニと2視点の密着正常位と顔がハミ出しにくい覆いかぶさり騎乗位と顔面が105cmバストに埋もれる密着対面座位【中出し】 佐知子,4.11,https://pics.dmm.co.jp/digital/video/ajvr00077/ajvr00077pt.jpg,https://www.dmm.co.jp/digital/videoa/-/detail/=/cid=ajvr00077/
あの日からずっと…。 緊縛調教中出しされる制服美少女 佐知子,4.5,https://pics.dmm.co.jp/digital/video/mudr00105/mudr00105pt.jpg,https://www.dmm.co.jp/digital/videoa/-/detail/=/cid=mudr00105/
マゾ乳 中出し 佐知子,4.08,https://pics.dmm.co.jp/digital/video/dmdg00047/dmdg00047pt.jpg,https://www.dmm.co.jp/digital/videoa/-/detail/=/cid=dmdg00047/
隣人の情婦になってしまった妻25 佐知子,4.38,https://pics.dmm.co.jp/digital/video/ndra00071/ndra00071pt.jpg,https://www.dmm.co.jp/digital/videoa/-/detail/=/cid=ndra00071/
ボクだけのご奉仕メイド 佐知子,4.33,https://pics.dmm.co.jp/digital/video/49ekdv00616/49ekdv00616pt.jpg,https://www.dmm.co.jp/digital/videoa/-/detail/=/cid=49ekdv00616/
【VR】隣に引っ越してきた地方出身のJカップ神乳メガネ地味っ子 エロスイッチが入ると顔に似合わず超ド級の変態でイってもイっても止まらないハメまくり連続射精セックス※今日は3発ヤった 佐知子,4.17,https://pics.dmm.co.jp/digital/video/13dsvr00524/13dsvr00524pt.jpg,https://www.dmm.co.jp/digital/videoa/-/detail/=/cid=13dsvr00524/
本当ゴメン…お姉ちゃんのおっぱい揉ませてあげるってクラスの友達に無理やり約束させられちゃった 佐知子,3.11,https://pics.dmm.co.jp/digital/video/mkon00025/mkon00025pt.jpg,https://www.dmm.co.jp/digital/videoa/-/detail/=/cid=mkon00025/
小悪魔肉体営業で契約数No.1を誇る爆乳J-cup不動産レディ佐知子,4.1,https://pics.dmm.co.jp/digital/video/cowp00002/cowp00002pt.jpg,https://www.dmm.co.jp/digital/videoa/-/detail/=/cid=cowp00002/
【VR】ドMなオレの童貞を奪ったのは…入院先で偶然再会した学生時代に俺をイジメてた同級生の大嫌いな爆乳ナース 佐知子,4,https://pics.dmm.co.jp/digital/video/2wpvr00229/2wpvr00229pt.jpg,https://www.dmm.co.jp/digital/videoa/-/detail/=/cid=2wpvr00229/
Jカップなキミの犯●れたい願望を4つ叶えてあげる 佐知子（19）,4.2,https://pics.dmm.co.jp/digital/video/1kmhr00068/1kmhr00068pt.jpg,https://www.dmm.co.jp/digital/videoa/-/detail/=/cid=1kmhr00068/
【VR】巨乳すぎる後輩が、普段は真面目なのに酒が入ったら、上から目線で、痴女り始めヤリたがりの欲しがりちゃんに変貌 佐知子,4.51,https://pics.dmm.co.jp/digital/video/84kmvr00767/84kmvr00767pt.jpg,https://www.dmm.co.jp/digital/videoa/-/detail/=/cid=84kmvr00767/
Jカップ童顔メガネ巨乳女子大生に変態衣装を着せて恥じらう姿を楽しみながらの追撃！エビ反り！連続中出し！ 佐知子,3.45,https://pics.dmm.co.jp/digital/video/49ekdv00602/49ekdv00602pt.jpg,https://www.dmm.co.jp/digital/videoa/-/detail/=/cid=49ekdv00602/
常に乳首をイジイジレロレロしてくれるデリヘル嬢 サチさん（20） Jカップ105cm 佐知子,4.88,https://pics.dmm.co.jp/digital/video/1miha00028/1miha00028pt.jpg,https://www.dmm.co.jp/digital/videoa/-/detail/=/cid=1miha00028/
君ん家のお風呂で混浴しよ 佐知子,4.3,https://pics.dmm.co.jp/digital/video/24dkd00004/24dkd00004pt.jpg,https://www.dmm.co.jp/digital/videoa/-/detail/=/cid=24dkd00004/
【VR】高精細とバイノーラル、視覚と聴覚で味わうオナニーサポートVR 佐知子,4.17,https://pics.dmm.co.jp/digital/video/h_1538dovr00109/h_1538dovr00109pt.jpg,https://www.dmm.co.jp/digital/videoa/-/detail/=/cid=h_1538dovr00109/
【VR】【神乳Iカップ美爆乳】後輩の浮気現場を目撃したので脅してハメてGスポット快楽調教【俺専用】ご奉仕M女として【中出し・顔射】育成なうw 佐知子,4,https://pics.dmm.co.jp/digital/video/h_1248kiwvr00233/h_1248kiwvr00233pt.jpg,https://www.dmm.co.jp/digital/videoa/-/detail/=/cid=h_1248kiwvr00233/
背徳の蟻地獄 緊縛の罠に堕ちた人妻 佐知子,4,https://pics.dmm.co.jp/digital/video/jbd00253/jbd00253pt.jpg,https://www.dmm.co.jp/digital/videoa/-/detail/=/cid=jbd00253/
巨乳メガネの教え子と秘密の温泉旅行。素顔のまま唾液を絡ませ自ら腰を振る濃密セックス 佐知子,4.5,https://pics.dmm.co.jp/digital/video/5642hodv21439/5642hodv21439pt.jpg,https://www.dmm.co.jp/digital/videoa/-/detail/=/cid=5642hodv21439/
オイルボイン ぬるぬるてかてか極上Iカップ 佐知子,3.63,https://pics.dmm.co.jp/digital/video/49ekdv00598/49ekdv00598pt.jpg,https://www.dmm.co.jp/digital/videoa/-/detail/=/cid=49ekdv00598/
いそうでいない頼むとスグやらせてくれるJカップ爆乳ちょいブスメガネ女子 佐知子,4.4,https://pics.dmm.co.jp/digital/video/ymdd00171/ymdd00171pt.jpg,https://www.dmm.co.jp/digital/videoa/-/detail/=/cid=ymdd00171/
軟乳とろとろJカップ純真娘は恥じらいながらもエッチが大好き… オジサンとぬっぷり淫語全開のドスケベに変貌し中出しを求める性交記録 佐知子,4.33,https://pics.dmm.co.jp/digital/video/kimu00004/kimu00004pt.jpg,https://www.dmm.co.jp/digital/videoa/-/detail/=/cid=kimu00004/
【VR】巨乳ハラスメント 世の中なんでもハラスメント時代に切り込む超社会派VR！？ Iカップの佐知子がハラスメントのことなら全て教えてア・ゲ・ル,4.75,https://pics.dmm.co.jp/digital/video/h_1553ftvr00013/h_1553ftvr00013pt.jpg,https://www.dmm.co.jp/digital/videoa/-/detail/=/cid=h_1553ftvr00013/
Sachiko 揺れる…想い… 佐知子,5,https://pics.dmm.co.jp/digital/video/h_346rebd00400/h_346rebd00400pt.jpg,https://www.dmm.co.jp/digital/videoa/-/detail/=/cid=h_346rebd00400/
【VR】HQ超高画質！結婚初夜に童貞喪失！デカ乳新妻が優しくエッチを教えてくれた…初体験のキス/オッパイ揉み/フェラで大暴発！肌が触れ合う濃厚密着SEXで何度も膣内射精！佐知子,4,https://pics.dmm.co.jp/digital/video/h_910vrvr00111/h_910vrvr00111pt.jpg,https://www.dmm.co.jp/digital/videoa/-/detail/=/cid=h_910vrvr00111/
施術と称して胸を揉みし抱く。変態整体師のオイル漬けマッサージ。 佐知子,4.17,https://pics.dmm.co.jp/digital/video/dasd00583/dasd00583pt.jpg,https://www.dmm.co.jp/digital/videoa/-/detail/=/cid=dasd00583/
【VR】HQ 劇的超高画質 Jcup 歯科衛生士のおっぱいデカ過ぎてwツンツン触れてるから大興奮！ 佐知子,4.17,https://pics.dmm.co.jp/digital/video/h_1127gopj00332/h_1127gopj00332pt.jpg,https://www.dmm.co.jp/digital/videoa/-/detail/=/cid=h_1127gopj00332/
【VR】【お触りNG！本番禁止！】の健全エステでIカップBOIN女子を媚薬で強●発情！おチ○ポ欲しさにOILと神乳でエロエロ誘惑してきたので、【中出し連発】【キメセク】しちゃいました 佐知子,4.75,https://pics.dmm.co.jp/digital/video/h_1248kiwvr00228/h_1248kiwvr00228pt.jpg,https://www.dmm.co.jp/digital/videoa/-/detail/=/cid=h_1248kiwvr00228/
カミングアウト 本当の私を見てください 誰にでも笑顔でセックスしてしまう八方美人スケベの私を調教してください。本当は強引に責め尽くされたい。AV女優佐知子の性癖告白ドキュメント,2.71,https://pics.dmm.co.jp/digital/video/mism00158/mism00158pt.jpg,https://www.dmm.co.jp/digital/videoa/-/detail/=/cid=mism00158/
発育しすぎJカップ乳優等生を味わい尽くす オジサンとの生々しい乳房イキ顔連発調教記録 佐知子,3.5,https://pics.dmm.co.jp/digital/video/kimu00002/kimu00002pt.jpg,https://www.dmm.co.jp/digital/videoa/-/detail/=/cid=kimu00002/
【VR】HQ超高画質！マイクロビキニ姿のデカ乳妹が励まし淫語オナサポ！佐知子,3.44,https://pics.dmm.co.jp/digital/video/h_910vrvr00108/h_910vrvr00108pt.jpg,https://www.dmm.co.jp/digital/videoa/-/detail/=/cid=h_910vrvr00108/
【VR】むっつり地味なメガネ巨乳 佐知子,4.75,https://pics.dmm.co.jp/digital/video/h_1285bikmvr00118/h_1285bikmvr00118pt.jpg,https://www.dmm.co.jp/digital/videoa/-/detail/=/cid=h_1285bikmvr00118/
美大生の巨乳娘 お父さんにヌードモデルをお願いしたら興奮して中出しされました。 佐知子,4.5,https://pics.dmm.co.jp/digital/video/h_237nacr00300/h_237nacr00300pt.jpg,https://www.dmm.co.jp/digital/videoa/-/detail/=/cid=h_237nacr00300/
日本最大の繁華街にある「老舗おっぱいパブ」でオキニの嬢が騎乗位生ハメで中出しするまで 佐知子,4.41,https://pics.dmm.co.jp/digital/video/1mist00290/1mist00290pt.jpg,https://www.dmm.co.jp/digital/videoa/-/detail/=/cid=1mist00290/
早熟おっぱいイクイク中出し女子校生 佐知子,2.67,https://pics.dmm.co.jp/digital/video/urhj00005/urhj00005pt.jpg,https://www.dmm.co.jp/digital/videoa/-/detail/=/cid=urhj00005/
両親の居ない日、僕は妹と精子が枯れるまで1日中ヤリまくった。佐知子,4.25,https://pics.dmm.co.jp/digital/video/55t2800577/55t2800577pt.jpg,https://www.dmm.co.jp/digital/videoa/-/detail/=/cid=55t2800577/
【VR】JKリフレ MIRAI 秋葉原店リアル体験！！ 佐知子,4,https://pics.dmm.co.jp/digital/video/h_1479ypp00003/h_1479ypp00003pt.jpg,https://www.dmm.co.jp/digital/videoa/-/detail/=/cid=h_1479ypp00003/
【VR】おっパブ初出勤のJカップ巨乳メガネっ娘 佐知子,4.76,https://pics.dmm.co.jp/digital/video/13dsvr00499/13dsvr00499pt.jpg,https://www.dmm.co.jp/digital/videoa/-/detail/=/cid=13dsvr00499/
Chain torture～拷問研究所～ 佐知子,3.89,https://pics.dmm.co.jp/digital/video/ddhh00013/ddhh00013pt.jpg,https://www.dmm.co.jp/digital/videoa/-/detail/=/cid=ddhh00013/
【VR】佐知子 客観VR「佐知子がデカチンでイキまくる姿…しっかり見てね！」,4.67,https://pics.dmm.co.jp/digital/video/h_1155crvr00177/h_1155crvr00177pt.jpg,https://www.dmm.co.jp/digital/videoa/-/detail/=/cid=h_1155crvr00177/
生乳少女、処女喪失。 佐知子,5,https://pics.dmm.co.jp/digital/video/atid00389/atid00389pt.jpg,https://www.dmm.co.jp/digital/videoa/-/detail/=/cid=atid00389/
言いなり部屋 04 佐知子,2.13,https://pics.dmm.co.jp/digital/video/mmnd00182/mmnd00182pt.jpg,https://www.dmm.co.jp/digital/videoa/-/detail/=/cid=mmnd00182/
J乳セフレ妻の自宅で種付けパーティー！！ 佐知子,5,https://pics.dmm.co.jp/digital/video/h_1435bth00128/h_1435bth00128pt.jpg,https://www.dmm.co.jp/digital/videoa/-/detail/=/cid=h_1435bth00128/
さっちゃん～東京に染まる佐知子（Jカップ）の淫猥暮らし～,4.5,https://pics.dmm.co.jp/digital/video/bacn00013/bacn00013pt.jpg,https://www.dmm.co.jp/digital/videoa/-/detail/=/cid=bacn00013/
出会い系援○売○の恐怖巨乳OLと濃密セックス 佐知子,5,https://pics.dmm.co.jp/digital/video/172xrw00920/172xrw00920pt.jpg,https://www.dmm.co.jp/digital/videoa/-/detail/=/cid=172xrw00920/
幼なじみは僕の爆乳ペット 佐知子,-,https://pics.dmm.co.jp/digital/video/h_237nacr00402/h_237nacr00402pt.jpg,https://www.dmm.co.jp/digital/videoa/-/detail/=/cid=h_237nacr00402/
【復活】会社にいる地味な眼鏡っ娘…実は超淫乱巨乳娘だった件。ムニュッと巨乳パイズリで思わずザーメン発射。気持ち良くなりたい淫乱娘は、そのまま生チ○ポ挿入で激しい騎乗位腰振り。バック・正常位で男にガンガン突かせ足で腰をホールド、中出しさせる！ 佐知子,-,https://pics.dmm.co.jp/digital/video/td042dvaj00439/td042dvaj00439pt.jpg,https://www.dmm.co.jp/digital/videoa/-/detail/=/cid=td042dvaj00439/
【VR】エロマンガに出てきそうな巨乳メガネの同級生、山内さん 佐知子,4.61,https://pics.dmm.co.jp/digital/video/84kmvr00690/84kmvr00690pt.jpg,https://www.dmm.co.jp/digital/videoa/-/detail/=/cid=84kmvr00690/
【VR】30日間禁欲させたイクイク敏感状態の巨乳愛人とチ○ポがバカになるまで中出ししまくる不倫旅行VR 佐知子,3.33,https://pics.dmm.co.jp/digital/video/ppvr00004/ppvr00004pt.jpg,https://www.dmm.co.jp/digital/videoa/-/detail/=/cid=ppvr00004/
MY DEAR 佐知子,-,https://pics.dmm.co.jp/digital/video/h_1231ss00002/h_1231ss00002pt.jpg,https://www.dmm.co.jp/digital/videoa/-/detail/=/cid=h_1231ss00002/
突然の大雨で帰宅難民になった彼女の妹と朝まで… 佐知子,4.4,https://pics.dmm.co.jp/digital/video/miaa00224/miaa00224pt.jpg,https://www.dmm.co.jp/digital/videoa/-/detail/=/cid=miaa00224/
【VR】耳でも堪能！スクール水着に入りきらない妹と囁きセックス 佐知子,4.5,https://pics.dmm.co.jp/digital/video/h_1538dovr00110/h_1538dovr00110pt.jpg,https://www.dmm.co.jp/digital/videoa/-/detail/=/cid=h_1538dovr00110/
【お得】地味めな巨乳娘が実は淫乱すぎて連続中出し。身動き取れない男に跨っての腰振りで連続イキ。男も我慢できずに中出し。解放された男が今度は責める。キスからパイズリ、正常位で精子残るマ○コを激ピス。連続イカセから、種付けプレスで同時イキ＆中出し 佐知子,-,https://pics.dmm.co.jp/digital/video/td041dvaj00439/td041dvaj00439pt.jpg,https://www.dmm.co.jp/digital/videoa/-/detail/=/cid=td041dvaj00439/
【VR】おっぱいフェチマニアックスVR 佐知子,4,https://pics.dmm.co.jp/digital/video/wavr00071/wavr00071pt.jpg,https://www.dmm.co.jp/digital/videoa/-/detail/=/cid=wavr00071/
【VR】これからこの娘をハメ撮ります。眼鏡巨乳美女 さちこ,4.2,https://pics.dmm.co.jp/digital/video/h_1155crvr00165/h_1155crvr00165pt.jpg,https://www.dmm.co.jp/digital/videoa/-/detail/=/cid=h_1155crvr00165/
地味なメガネ女子社員に告られた！1発だけと思って脱がせたら巨乳！俺のいいなり巨乳女子にたっぷりとチ○ポと金玉舐めさせて、いざ挿入。おお、このマ○コ気持ちイイ、巨乳もたっぷり堪能。むお、お尻もデカいぞ！バックでパンパン突いて彼女の中でゴム射！ 佐知子,-,https://pics.dmm.co.jp/digital/video/td037dvaj00439/td037dvaj00439pt.jpg,https://www.dmm.co.jp/digital/videoa/-/detail/=/cid=td037dvaj00439/
【VR】HQ60fps 神乳 Jcup105cm おっパブ嬢！嫌よ嫌よも良いのうちww本番禁止なのに挿入性交！ 佐知子,3.71,https://pics.dmm.co.jp/digital/video/h_1256tpvr00156/h_1256tpvr00156pt.jpg,https://www.dmm.co.jp/digital/videoa/-/detail/=/cid=h_1256tpvr00156/
初撮り五十路妻ドキュメント 鈴木佐知子,3.55,https://pics.dmm.co.jp/digital/video/h_086jrzd00824/h_086jrzd00824pt.jpg,https://www.dmm.co.jp/digital/videoa/-/detail/=/cid=h_086jrzd00824/
佐知子の爆乳劇場 Jcup！105cm,2,https://pics.dmm.co.jp/digital/video/h_237mara00052/h_237mara00052pt.jpg,https://www.dmm.co.jp/digital/videoa/-/detail/=/cid=h_237mara00052/
【VR】＃兄妹あるある（妹とのエッチ体験）～爆乳過ぎる妹との近親相姦 佐知子,3.88,https://pics.dmm.co.jp/digital/video/h_1116caca00208/h_1116caca00208pt.jpg,https://www.dmm.co.jp/digital/videoa/-/detail/=/cid=h_1116caca00208/
ノットリショッピング 100％美少女再現オーダーメイド「皮」使用 オリジナルレザースーツ ダイナマイトボディ仕様 佐知子,2.33,https://pics.dmm.co.jp/digital/video/1nttr00049/1nttr00049pt.jpg,https://www.dmm.co.jp/digital/videoa/-/detail/=/cid=1nttr00049/
修善寺の居酒屋女将 口説かれ上手なおっ母さん 西野佐知子,1,https://pics.dmm.co.jp/digital/video/emaf00110/emaf00110pt.jpg,https://www.dmm.co.jp/digital/videoa/-/detail/=/cid=emaf00110/
【VR】新開発！超精細カメラ撮影 ウブ娘の無垢い猛パイズリ 佐知子,4,https://pics.dmm.co.jp/digital/video/h_1116cafr00333/h_1116cafr00333pt.jpg,https://www.dmm.co.jp/digital/videoa/-/detail/=/cid=h_1116cafr00333/
五十路だよ 奥のその奥突いて！,-,https://pics.dmm.co.jp/digital/video/67pa00266/67pa00266pt.jpg,https://www.dmm.co.jp/digital/videoa/-/detail/=/cid=67pa00266/
近親相姦 五十路母の交尾 原佐知子,4,https://pics.dmm.co.jp/digital/video/h_086hone00030/h_086hone00030pt.jpg,https://www.dmm.co.jp/digital/videoa/-/detail/=/cid=h_086hone00030/
豊満五十路母の尻こきマッサージ 原佐知子,2,https://pics.dmm.co.jp/digital/video/h_086zawa00007/h_086zawa00007pt.jpg,https://www.dmm.co.jp/digital/videoa/-/detail/=/cid=h_086zawa00007/
センビレ専属デビュー 原佐知子 52歳,3.67,https://pics.dmm.co.jp/digital/video/h_086senz00001/h_086senz00001pt.jpg,https://www.dmm.co.jp/digital/videoa/-/detail/=/cid=h_086senz00001/
凌●女社長 原佐知子,4,https://pics.dmm.co.jp/digital/video/h_086soul00023/h_086soul00023pt.jpg,https://www.dmm.co.jp/digital/videoa/-/detail/=/cid=h_086soul00023/
近親相姦 五十路母の卑猥なぜい肉 田中佐知子,4.67,https://pics.dmm.co.jp/digital/video/h_086hone00077/h_086hone00077pt.jpg,https://www.dmm.co.jp/digital/videoa/-/detail/=/cid=h_086hone00077/
優しい五十路の熟女 原佐知子DX 【昼メロ女王クリソツの女】,-,https://pics.dmm.co.jp/digital/video/17cj00036/17cj00036pt.jpg,https://www.dmm.co.jp/digital/videoa/-/detail/=/cid=17cj00036/
ハメて下さい五十路の妻を 原佐知子,4.33,https://pics.dmm.co.jp/digital/video/17cj00003/17cj00003pt.jpg,https://www.dmm.co.jp/digital/videoa/-/detail/=/cid=17cj00003/
人妻温泉旅館 美人女将の艶々接待 早瀬佐知子,5,https://pics.dmm.co.jp/digital/video/164sbjd00025/164sbjd00025pt.jpg,https://www.dmm.co.jp/digital/videoa/-/detail/=/cid=164sbjd025/
