Title,Image,Link
※台本一切無し！！ハメ撮り！すっぴん！何でもアリ！架乃ゆらのスケベ本性剥き出しSEX！！ ガチで二人きりの温泉旅行でヤリまくった生々しすぎる超レアなエロス200％動画,https://pics.dmm.co.jp/digital/video/ssis00119/ssis00119pt.jpg,https://www.dmm.co.jp/litevideo/-/detail/=/cid=ssis00119/?i3_ref=search&i3_ord=1
両親が不在中、妹の誘惑に欲望むき出しでハメまくった4日間 架乃ゆら,https://pics.dmm.co.jp/digital/video/ssis00065/ssis00065pt.jpg,https://www.dmm.co.jp/litevideo/-/detail/=/cid=ssis00065/?i3_ref=search&i3_ord=2
久々に会った成長期の従妹（いとこ）の抜きテクに我慢できず三日三晩18発も射精し続けた帰省中の思い出 架乃ゆら,https://pics.dmm.co.jp/digital/video/ssni00991/ssni00991pt.jpg,https://www.dmm.co.jp/litevideo/-/detail/=/cid=ssni00991/?i3_ref=search&i3_ord=3
中年オヤジと体汁遊戯、エロスの才能11連射性交 架乃ゆら,https://pics.dmm.co.jp/digital/video/ssis00040/ssis00040pt.jpg,https://www.dmm.co.jp/litevideo/-/detail/=/cid=ssis00040/?i3_ref=search&i3_ord=4
僕にしか聞こえないヒソヒソ声で超密着ささやき誘惑してくる小悪魔美少女 架乃ゆら,https://pics.dmm.co.jp/digital/video/ssni00438/ssni00438pt.jpg,https://www.dmm.co.jp/litevideo/-/detail/=/cid=ssni00438/?i3_ref=search&i3_ord=5
憧れの女上司と残業で二人っきりに…いたずら密着誘惑に興奮して朝まで筆おろしセックスに明け暮れた童貞のボク。 架乃ゆら,https://pics.dmm.co.jp/digital/video/ssis00091/ssis00091pt.jpg,https://www.dmm.co.jp/litevideo/-/detail/=/cid=ssis00091/?i3_ref=search&i3_ord=6
銀河系最強のイラマチオ 100人8時間,https://pics.dmm.co.jp/digital/video/rbb00199/rbb00199pt.jpg,https://www.dmm.co.jp/litevideo/-/detail/=/cid=rbb00199/?i3_ref=search&i3_ord=7
絶頂ポルチオ開発 巨根×膣中イキオーガズム 架乃ゆら,https://pics.dmm.co.jp/digital/video/ssni00186/ssni00186pt.jpg,https://www.dmm.co.jp/litevideo/-/detail/=/cid=ssni00186/?i3_ref=search&i3_ord=8
メガネを壊してほぼ盲目な親友の彼女を寝取った 架乃ゆら,https://pics.dmm.co.jp/digital/video/ssni00942/ssni00942pt.jpg,https://www.dmm.co.jp/litevideo/-/detail/=/cid=ssni00942/?i3_ref=search&i3_ord=9
ツンデレ妹が無防備に毎日パンチラ誘惑してくる 架乃ゆら,https://pics.dmm.co.jp/digital/video/ssni00308/ssni00308pt.jpg,https://www.dmm.co.jp/litevideo/-/detail/=/cid=ssni00308/?i3_ref=search&i3_ord=10
僕の彼女が不在中に、彼女の親友のAV女優と好き放題ハメまくった3日間 架乃ゆら,https://pics.dmm.co.jp/digital/video/ssni00623/ssni00623pt.jpg,https://www.dmm.co.jp/litevideo/-/detail/=/cid=ssni00623/?i3_ref=search&i3_ord=11
SEXなんて知らなさそうな娘が笑顔で何発も勝手に裏オプしちゃう絶対満足制服リフレ 架乃ゆら,https://pics.dmm.co.jp/digital/video/ssni00848/ssni00848pt.jpg,https://www.dmm.co.jp/litevideo/-/detail/=/cid=ssni00848/?i3_ref=search&i3_ord=12
幸薄地味子が僕と付き合って垢ぬけた結果… 架乃ゆら,https://pics.dmm.co.jp/digital/video/ssni00759/ssni00759pt.jpg,https://www.dmm.co.jp/litevideo/-/detail/=/cid=ssni00759/?i3_ref=search&i3_ord=13
女子生徒鬼畜輪●レ●プ～侵入者たちに標的にされた性処理優等生～ 架乃ゆら,https://pics.dmm.co.jp/digital/video/ssni00373/ssni00373pt.jpg,https://www.dmm.co.jp/litevideo/-/detail/=/cid=ssni00373/?i3_ref=search&i3_ord=14
架乃ゆらが世界一優しく金玉カラッカラになるまで何発も射精させてくれる秘密の寛大メンズエステ,https://pics.dmm.co.jp/digital/video/ssis00015/ssis00015pt.jpg,https://www.dmm.co.jp/litevideo/-/detail/=/cid=ssis00015/?i3_ref=search&i3_ord=15
【※異常なる大絶頂】エロス最大覚醒！性欲が尽き果てるまで怒涛のノンストップ本気性交 架乃ゆら,https://pics.dmm.co.jp/digital/video/ssni00571/ssni00571pt.jpg,https://www.dmm.co.jp/litevideo/-/detail/=/cid=ssni00571/?i3_ref=search&i3_ord=16
交わる体液、濃密セックス 完全ノーカット3本番スペシャル 架乃ゆら,https://pics.dmm.co.jp/digital/video/ssni00112/ssni00112pt.jpg,https://www.dmm.co.jp/litevideo/-/detail/=/cid=ssni00112/?i3_ref=search&i3_ord=17
ツンデレゆら嬢とこっそりヤレる乳首責め手コキ専門裏サロン 架乃ゆら,https://pics.dmm.co.jp/digital/video/ssni00649/ssni00649pt.jpg,https://www.dmm.co.jp/litevideo/-/detail/=/cid=ssni00649/?i3_ref=search&i3_ord=18
舌と唇と唾液が濃厚に絡み合う涎ダラダラ全身ベロベロ性交 架乃ゆら,https://pics.dmm.co.jp/digital/video/ssni00330/ssni00330pt.jpg,https://www.dmm.co.jp/litevideo/-/detail/=/cid=ssni00330/?i3_ref=search&i3_ord=19
男装がバレてクラスメイトに輪●されたオレ 架乃ゆら,https://pics.dmm.co.jp/digital/video/ssni00966/ssni00966pt.jpg,https://www.dmm.co.jp/litevideo/-/detail/=/cid=ssni00966/?i3_ref=search&i3_ord=20
この世で最も嫌いな男と身体の相性が最高だったなんて… 架乃ゆら,https://pics.dmm.co.jp/digital/video/ssni00522/ssni00522pt.jpg,https://www.dmm.co.jp/litevideo/-/detail/=/cid=ssni00522/?i3_ref=search&i3_ord=21
ALL NUDE 架乃ゆら,https://pics.dmm.co.jp/digital/video/oae00135/oae00135pt.jpg,https://www.dmm.co.jp/litevideo/-/detail/=/cid=oae00135/?i3_ref=search&i3_ord=22
激イキ117回！痙攣3900回！イキ潮3600cc！初心な純白スレンダーボディ エロス覚醒 はじめての大・痙・攣スペシャル 架乃ゆら,https://pics.dmm.co.jp/digital/video/ssni00138/ssni00138pt.jpg,https://www.dmm.co.jp/litevideo/-/detail/=/cid=ssni00138/?i3_ref=search&i3_ord=23
2020年 日本一の単体メーカーから顔とボディ最高レベルS級女優の本年ヒット作のみ収録！ S1ギリモザ総集編 2020年最後の超豪華版51名200作品16時間 DISC4枚入りスペシャル,https://pics.dmm.co.jp/digital/video/ofje00289/ofje00289pt.jpg,https://www.dmm.co.jp/litevideo/-/detail/=/cid=ofje00289/?i3_ref=search&i3_ord=24
1ヵ月間セックスもオナニーも禁止されムラムラ全開でアドレナリン爆発！痙攣しまくり性欲剥き出しFUCK 架乃ゆら,https://pics.dmm.co.jp/digital/video/ssni00262/ssni00262pt.jpg,https://www.dmm.co.jp/litevideo/-/detail/=/cid=ssni00262/?i3_ref=search&i3_ord=25
色白華奢な彼女が巨漢先輩の馬乗りプレスで寝取られ快楽堕ち 架乃ゆら,https://pics.dmm.co.jp/mono/movie/adult/ssni458/ssni458pt.jpg,https://www.dmm.co.jp/litevideo/-/detail/=/cid=ssni458/?i3_ref=search&i3_ord=26
激イキし過ぎておしっこ解禁 人生初！大痙攣・大絶頂 失禁・お漏らしオーガズム 架乃ゆら,https://pics.dmm.co.jp/digital/video/ssni00213/ssni00213pt.jpg,https://www.dmm.co.jp/litevideo/-/detail/=/cid=ssni00213/?i3_ref=search&i3_ord=27
セックスシンドローム 極 架乃ゆら,https://pics.dmm.co.jp/digital/video/ssni00829/ssni00829pt.jpg,https://www.dmm.co.jp/litevideo/-/detail/=/cid=ssni00829/?i3_ref=search&i3_ord=28
Yura6 ゆらりふれっしゅ・架乃ゆら,https://pics.dmm.co.jp/digital/video/h_346rebd00568/h_346rebd00568pt.jpg,https://www.dmm.co.jp/litevideo/-/detail/=/cid=h_346rebd00568/?i3_ref=search&i3_ord=29
2020年上半期大集結！！ 超豪華21メーカー新作346タイトル特大16時間BOX,https://pics.dmm.co.jp/digital/video/rbb00198/rbb00198pt.jpg,https://www.dmm.co.jp/litevideo/-/detail/=/cid=rbb00198/?i3_ref=search&i3_ord=30
汗だく中年オヤジの自宅へ連れ込まれ陰湿で変態な汗涎ベロキス調教 架乃ゆら,https://pics.dmm.co.jp/mono/movie/adult/ssni595/ssni595pt.jpg,https://www.dmm.co.jp/litevideo/-/detail/=/cid=ssni595/?i3_ref=search&i3_ord=1
布団の中で寝取られ続けたわたし… 彼氏のすぐ側で巨漢先輩の馬乗り密着性交に背徳イキした2泊3日の卒業旅行 架乃ゆら,https://pics.dmm.co.jp/digital/video/ssni00783/ssni00783pt.jpg,https://www.dmm.co.jp/litevideo/-/detail/=/cid=ssni00783/?i3_ref=search&i3_ord=2
汗汁だくだく唾液涎ダラダラひたすら全身舐めしゃぶって本気汁全漏らし性交 架乃ゆら,https://pics.dmm.co.jp/digital/video/ssni00415/ssni00415pt.jpg,https://www.dmm.co.jp/litevideo/-/detail/=/cid=ssni00415/?i3_ref=search&i3_ord=3
おチ●ポ大好き即尺、いつでも即ハメご奉仕メイド 架乃ゆら,https://pics.dmm.co.jp/digital/video/ssni00236/ssni00236pt.jpg,https://www.dmm.co.jp/litevideo/-/detail/=/cid=ssni00236/?i3_ref=search&i3_ord=4
18歳架乃ゆら 初イキ！性感開発3本番スペシャル,https://pics.dmm.co.jp/digital/video/ssni00086/ssni00086pt.jpg,https://www.dmm.co.jp/litevideo/-/detail/=/cid=ssni086/?i3_ref=search&i3_ord=5
裸神 架乃ゆら,https://pics.dmm.co.jp/digital/video/oae00156/oae00156pt.jpg,https://www.dmm.co.jp/litevideo/-/detail/=/cid=oae00156/?i3_ref=search&i3_ord=6
セックスを最近覚えた絶倫中年と献身的少女のねっとり淫湿ホテル性交 架乃ゆら,https://pics.dmm.co.jp/digital/video/ssni00395/ssni00395pt.jpg,https://www.dmm.co.jp/litevideo/-/detail/=/cid=ssni00395/?i3_ref=search&i3_ord=7
架乃ゆら人生初のドキドキ風俗体験全力ご奉仕170分フルコース,https://pics.dmm.co.jp/digital/video/ssni00161/ssni00161pt.jpg,https://www.dmm.co.jp/litevideo/-/detail/=/cid=ssni00161/?i3_ref=search&i3_ord=8
極小セクシーコスで美乳・美尻がいつでもチラリ！ 過激オプション満載！押せばヤレる美少女チラリフレ店 架乃ゆら,https://pics.dmm.co.jp/digital/video/ssni00478/ssni00478pt.jpg,https://www.dmm.co.jp/litevideo/-/detail/=/cid=ssni00478/?i3_ref=search&i3_ord=9
新人NO.1STYLE 架乃ゆら 18歳 AVデビュー （ブルーレイディスク）,https://pics.dmm.co.jp/mono/movie/adult/9ssni064/9ssni064pt.jpg,https://www.dmm.co.jp/litevideo/-/detail/=/cid=9ssni064/?i3_ref=search&i3_ord=10
僕が先に好きだったのに―。まだ何も始まっていない片想い中のクラスメイトのSEXをただ目の前で見ることしかできなくて…。 架乃ゆら,https://pics.dmm.co.jp/digital/video/ssni00548/ssni00548pt.jpg,https://www.dmm.co.jp/litevideo/-/detail/=/cid=ssni00548/?i3_ref=search&i3_ord=11
Yura3 純真乙女七変化/架乃ゆら,https://pics.dmm.co.jp/mono/movie/h_346rebd424r/h_346rebd424rps.jpg,https://www.dmm.co.jp/litevideo/-/detail/=/cid=h_346rebd424r/?i3_ref=search&i3_ord=12
S級女優達と夢の1ヶ月ハメまくり性活！エスワン日替わりSEXカレンダー8時間,https://pics.dmm.co.jp/mono/movie/adult/ofje175/ofje175pt.jpg,https://www.dmm.co.jp/litevideo/-/detail/=/cid=ofje175/?i3_ref=search&i3_ord=13
スパイフィルム 架乃ゆら,https://pics.dmm.co.jp/digital/video/oae00167/oae00167pt.jpg,https://www.dmm.co.jp/litevideo/-/detail/=/cid=oae00167/?i3_ref=search&i3_ord=14
架乃ゆらの痴女責め連続射精16発 拘束された男たちを骨抜きにする強制射精術,https://pics.dmm.co.jp/mono/movie/adult/ssni499/ssni499pt.jpg,https://www.dmm.co.jp/litevideo/-/detail/=/cid=ssni499/?i3_ref=search&i3_ord=15
Yura2 ゆらりぞーと！/架乃ゆら,https://pics.dmm.co.jp/mono/movie/h_346rebd387r/h_346rebd387rps.jpg,https://www.dmm.co.jp/litevideo/-/detail/=/cid=h_346rebd387r/?i3_ref=search&i3_ord=16
制服少女 強・制・連・結 満員痴●車両 架乃ゆら,https://pics.dmm.co.jp/digital/video/ssni00286/ssni00286pt.jpg,https://www.dmm.co.jp/litevideo/-/detail/=/cid=ssni286/?i3_ref=search&i3_ord=17
Yura 揺れる乙女心 架乃ゆら,https://pics.dmm.co.jp/mono/movie/h_346rebd295r/h_346rebd295rps.jpg,https://www.dmm.co.jp/litevideo/-/detail/=/cid=h_346rebd295r/?i3_ref=search&i3_ord=18
Aphrodite/架乃ゆら,https://pics.dmm.co.jp/mono/movie/adult/n_1428ap054/n_1428ap054pt.jpg,https://www.dmm.co.jp/litevideo/-/detail/=/cid=n_1428ap054/?i3_ref=search&i3_ord=19
祝1周年！ぶっかけ＆パイパン＆大乱交トリプル解禁！ 絶頂してビクビクしている無毛おま○こをチ○ポ20本で突きまくる怒涛のおかわり激ピストン超乱交20本番スペシャル 架乃ゆら,https://pics.dmm.co.jp/digital/video/ssni00352/ssni00352pt.jpg,https://www.dmm.co.jp/litevideo/-/detail/=/cid=ssni352/?i3_ref=search&i3_ord=20
S1デビュー1周年記念 架乃ゆらS1初ベスト8時間,https://pics.dmm.co.jp/mono/movie/adult/ofje172/ofje172pt.jpg,https://www.dmm.co.jp/litevideo/-/detail/=/cid=ofje172/?i3_ref=search&i3_ord=21
We Love for S1 GIRLS 2018 ALL the BEST. みんな大好きS1ガールズ34名 100タイトル×100SEX 12時間BEST,https://pics.dmm.co.jp/mono/movie/adult/ofje194/ofje194pt.jpg,https://www.dmm.co.jp/litevideo/-/detail/=/cid=ofje194/?i3_ref=search&i3_ord=22
